Timestamp,Power,Result,PatternRIS0
2025-11-10T09:49:17.825506,10.0,-72.99990545793403,0
2025-11-10T09:49:17.848761,10.0,-79.04830880368384,1
2025-11-10T09:49:17.855277,10.0,-76.4188097152336,2
2025-11-10T09:49:17.863524,10.0,-65.07826762903109,3
2025-11-10T09:49:17.868961,10.0,-79.7376837789596,4
2025-11-10T09:49:17.873981,10.0,-76.32128616370714,5
2025-11-10T09:49:17.886228,10.0,-60.0942009140672,6
2025-11-10T09:49:17.902125,10.0,-69.51911397104526,7
2025-11-10T09:49:17.908108,10.0,-66.82532197724127,8
2025-11-10T09:49:17.916753,10.0,-63.604943133876276,9
2025-11-10T09:49:17.923310,10.0,-67.51414732049858,10
2025-11-10T09:49:17.929980,10.0,-71.745053855968,11
2025-11-10T09:49:17.933567,10.0,-64.69110378940171,12
2025-11-10T09:49:17.945106,10.0,-67.14671338928414,13
2025-11-10T09:49:17.950173,10.0,-75.58780686023339,14
2025-11-10T09:49:17.955690,10.0,-70.91718780007443,15
2025-11-10T09:49:17.963421,10.0,-74.85092928429846,16
2025-11-10T09:49:17.967835,10.0,-65.49546197974603,17
2025-11-10T09:49:17.972833,10.0,-69.4523582168718,18
2025-11-10T09:49:17.977469,10.0,-66.30510279401912,19
2025-11-10T09:49:17.983620,10.0,-65.55539209804873,20
2025-11-10T09:49:17.983620,10.0,-65.65654183696793,21
2025-11-10T09:49:17.998270,10.0,-72.17990628289559,22
2025-11-10T09:49:18.002269,10.0,-79.28474259487984,23
2025-11-10T09:49:18.007793,10.0,-77.79959080762637,24
2025-11-10T09:49:18.014444,10.0,-60.49690036281811,25
2025-11-10T09:49:18.019444,10.0,-74.88763719072449,26
2025-11-10T09:49:18.024612,10.0,-61.668426388922086,27
2025-11-10T09:49:18.027505,10.0,-74.4554550177393,28
2025-11-10T09:49:18.033600,10.0,-62.6224467901404,29
2025-11-10T09:49:18.044606,10.0,-79.59612194320695,30
2025-11-10T12:40:45.048928,10.0,-70.53104425471311,0
2025-11-10T12:40:45.057571,10.0,-65.19971080863183,1
2025-11-10T12:40:45.060634,10.0,-72.88551669040672,2
2025-11-10T12:40:45.068392,10.0,-78.02617661564778,3
2025-11-10T12:40:45.072448,10.0,-71.7692857467294,4
2025-11-10T12:40:45.076483,10.0,-65.7436743777566,5
2025-11-10T12:40:45.080298,10.0,-63.86235841700321,6
2025-11-10T12:40:45.086568,10.0,-64.43089276109785,7
2025-11-10T12:40:45.088582,10.0,-66.79601002144908,8
2025-11-10T12:40:45.094037,10.0,-60.21106905181841,9
2025-11-10T12:40:45.101042,10.0,-66.79224578202098,10
2025-11-10T12:40:45.104065,10.0,-77.84085097026454,11
2025-11-10T12:40:45.108520,10.0,-66.32356557865288,12
2025-11-10T12:40:45.111632,10.0,-62.484004806203345,13
2025-11-10T12:40:45.118656,10.0,-67.82592470641126,14
2025-11-10T12:40:45.122755,10.0,-60.921640621217065,15
2025-11-10T12:40:45.125591,10.0,-73.5788326528936,16
2025-11-10T12:40:45.132576,10.0,-74.59743730633627,17
2025-11-10T12:40:45.137669,10.0,-61.30038409326127,18
2025-11-10T12:40:45.141649,10.0,-75.654886527286,19
2025-11-10T12:40:45.145277,10.0,-65.16952004805019,20
2025-11-10T12:40:45.150008,10.0,-64.08514265153481,21
2025-11-10T12:40:45.154255,10.0,-63.679268047891895,22
2025-11-10T12:40:45.159620,10.0,-69.60997174357169,23
2025-11-10T12:40:45.163061,10.0,-64.7743957752454,24
2025-11-10T12:40:45.169652,10.0,-70.30280251241935,25
2025-11-10T12:40:45.173860,10.0,-62.79640152636,26
2025-11-10T12:40:45.176885,10.0,-64.70986201411141,27
2025-11-10T12:40:45.182316,10.0,-66.17139285267804,28
2025-11-10T12:40:45.186138,10.0,-62.57862709647067,29
2025-11-10T12:40:45.188159,10.0,-69.00186741297844,30
2025-11-10T12:52:05.274911,10.0,-67.98059848821916,0
2025-11-10T12:52:05.285041,10.0,-64.9564984338777,1
2025-11-10T12:52:05.289085,10.0,-77.71983511182765,2
2025-11-10T12:52:05.291092,10.0,-76.91962971869867,3
2025-11-10T12:52:05.294936,10.0,-74.63150242188915,4
2025-11-10T12:52:05.302113,10.0,-60.50564370084264,5
2025-11-10T12:52:05.304948,10.0,-66.02671981604908,6
2025-11-10T12:52:05.304948,10.0,-66.94775431634761,7
2025-11-10T12:52:05.311816,10.0,-64.718170129837,8
2025-11-10T12:52:05.316022,10.0,-62.56119657613142,9
2025-11-10T12:52:05.318427,10.0,-68.26932966448314,10
2025-11-10T12:52:05.319939,10.0,-66.58993808313134,11
2025-11-10T12:52:05.324993,10.0,-76.96830116908863,12
2025-11-10T12:52:05.331022,10.0,-71.99205589535323,13
2025-11-10T12:52:05.331022,10.0,-78.08138336895058,14
2025-11-10T12:52:05.335163,10.0,-61.4255452664292,15
2025-11-10T12:52:05.335163,10.0,-62.82185423252949,16
2025-11-10T12:52:05.341215,10.0,-73.26151563173815,17
2025-11-10T12:52:05.347218,10.0,-79.4351372180716,18
2025-11-10T12:52:05.347218,10.0,-72.19676072123033,19
2025-11-10T12:52:05.351619,10.0,-73.89808069187558,20
2025-11-10T12:52:05.355156,10.0,-65.78036773938737,21
2025-11-10T12:52:05.355156,10.0,-73.56894924567666,22
2025-11-10T12:52:05.361921,10.0,-77.13752815365993,23
2025-11-10T12:52:05.367808,10.0,-61.16981850794801,24
2025-11-10T12:52:05.369819,10.0,-67.85074141675815,25
2025-11-10T12:52:05.371985,10.0,-78.2436649944319,26
2025-11-10T12:52:05.375052,10.0,-72.77636319315758,27
2025-11-10T12:52:05.380304,10.0,-72.55147335775276,28
2025-11-10T12:52:05.384152,10.0,-75.6025819029439,29
2025-11-10T12:52:05.385162,10.0,-65.1591895324381,30
2025-11-10T12:53:21.000946,10.0,-70.73183958531419,0
2025-11-10T12:53:21.009034,10.0,-62.08750718805686,1
2025-11-10T12:53:21.020045,10.0,-62.97868649403105,2
2025-11-10T12:53:21.025568,10.0,-73.23403687158829,3
2025-11-10T12:53:21.029761,10.0,-67.81691046862689,4
2025-11-10T12:53:21.037313,10.0,-71.58752318886552,5
2025-11-10T12:53:21.042313,10.0,-78.67476668706391,6
2025-11-10T12:53:21.046830,10.0,-78.58014613697179,7
2025-11-10T12:53:21.054629,10.0,-61.82244145736222,8
2025-11-10T12:53:21.058237,10.0,-77.90894838554541,9
2025-11-10T12:53:21.072619,10.0,-69.98776075814041,10
2025-11-10T12:53:21.078141,10.0,-60.42754749428644,11
2025-11-10T12:53:21.091049,10.0,-69.816780639052,12
2025-11-10T12:53:21.101285,10.0,-62.442265284326524,13
2025-11-10T12:53:21.104805,10.0,-72.16982740007495,14
2025-11-10T12:53:21.104805,10.0,-73.73075010699174,15
2025-11-10T12:53:21.121216,10.0,-76.64324087665692,16
2025-11-10T12:53:21.126732,10.0,-78.0451954424944,17
2025-11-10T12:53:21.134901,10.0,-61.34066430639581,18
2025-11-10T12:53:21.139910,10.0,-69.53252140660504,19
2025-11-10T12:53:21.144912,10.0,-78.42907800436238,20
2025-11-10T12:53:21.150169,10.0,-64.84160438592008,21
2025-11-10T12:53:21.154662,10.0,-62.58656470798823,22
2025-11-10T12:53:21.167155,10.0,-74.26163460521592,23
2025-11-10T12:53:21.172682,10.0,-62.05630748925067,24
2025-11-10T12:53:21.177023,10.0,-70.28621836518084,25
2025-11-10T12:53:21.186811,10.0,-73.11532478744556,26
2025-11-10T12:53:21.191825,10.0,-62.14711827528093,27
2025-11-10T12:53:21.202588,10.0,-62.092403516274835,28
2025-11-10T12:53:21.204618,10.0,-78.3467456184335,29
2025-11-10T12:53:21.217152,10.0,-76.55780614587826,30
2025-11-10T12:54:48.897385,10.0,-75.2323853878266,0
2025-11-10T12:54:48.912147,10.0,-65.97531365645456,1
2025-11-10T12:54:48.927349,10.0,-76.83112106242268,2
2025-11-10T12:54:48.937142,10.0,-60.026315369050934,3
2025-11-10T12:54:48.947323,10.0,-73.43539166185951,4
2025-11-10T12:54:48.967939,10.0,-74.41925250857187,5
2025-11-10T12:54:48.983628,10.0,-65.35078332228022,6
2025-11-10T12:54:48.994930,10.0,-60.38853349575612,7
2025-11-10T12:54:49.002154,10.0,-62.418961455810134,8
2025-11-10T12:54:49.010751,10.0,-62.31776477479042,9
2025-11-10T12:54:49.022480,10.0,-74.37648858033593,10
2025-11-10T12:54:49.027796,10.0,-60.05327970168154,11
2025-11-10T12:54:49.042405,10.0,-79.80615501223737,12
2025-11-10T12:54:49.047035,10.0,-67.14761764262241,13
2025-11-10T12:54:49.058205,10.0,-64.79089956611224,14
2025-11-10T12:54:49.067306,10.0,-60.996798623467356,15
2025-11-10T12:54:49.077404,10.0,-65.57234464838969,16
2025-11-10T12:54:49.090017,10.0,-77.69321093641354,17
2025-11-10T12:54:49.097418,10.0,-65.88641839708035,18
2025-11-10T12:54:49.107269,10.0,-76.68225968294263,19
2025-11-10T12:54:49.124849,10.0,-61.266599729497194,20
2025-11-10T12:54:49.132099,10.0,-60.29075573267538,21
2025-11-10T12:54:49.147332,10.0,-68.31157902063086,22
2025-11-10T12:54:49.162194,10.0,-74.23216189822197,23
2025-11-10T12:54:49.185448,10.0,-66.50574241101872,24
2025-11-10T12:54:49.200277,10.0,-76.37700528319621,25
2025-11-10T12:54:49.212031,10.0,-75.21787970439956,26
2025-11-10T12:54:49.227663,10.0,-66.90291424931297,27
2025-11-10T12:54:49.237104,10.0,-79.99992103134974,28
2025-11-10T12:54:49.253059,10.0,-61.413750817661715,29
2025-11-10T12:54:49.263115,10.0,-62.94380100069556,30
2025-11-10T12:56:02.120884,10.0,-60.094664953058825,0
2025-11-10T12:56:02.129690,10.0,-60.83786041221752,1
2025-11-10T12:56:02.132942,10.0,-75.3358336198683,2
2025-11-10T12:56:02.134496,10.0,-77.13131059453362,3
2025-11-10T12:56:02.140989,10.0,-64.09024180737632,4
2025-11-10T12:56:02.146208,10.0,-78.38242590878478,5
2025-11-10T12:56:02.150532,10.0,-64.25614573784421,6
2025-11-10T12:56:02.150532,10.0,-78.88951777842205,7
2025-11-10T12:56:02.157726,10.0,-79.57042207036736,8
2025-11-10T12:56:02.162121,10.0,-75.18531372237275,9
2025-11-10T12:56:02.162121,10.0,-61.04079181705043,10
2025-11-10T12:56:02.170440,10.0,-65.30293691269706,11
2025-11-10T12:56:02.175457,10.0,-64.09520059725955,12
2025-11-10T12:56:02.180479,10.0,-78.10782813530403,13
2025-11-10T12:56:02.180479,10.0,-73.1626754218508,14
2025-11-10T12:56:02.180479,10.0,-71.56060410117361,15
2025-11-10T12:56:02.190341,10.0,-62.70097915792834,16
2025-11-10T12:56:02.194398,10.0,-78.83268826750523,17
2025-11-10T12:56:02.200142,10.0,-79.49756002887075,18
2025-11-10T12:56:02.200142,10.0,-65.95208603444244,19
2025-11-10T12:56:02.206996,10.0,-79.09495954327927,20
2025-11-10T12:56:02.212559,10.0,-71.10141131856074,21
2025-11-10T12:56:02.217259,10.0,-74.51392489513988,22
2025-11-10T12:56:02.222851,10.0,-76.60288278234731,23
2025-11-10T12:56:02.227491,10.0,-64.26186644601414,24
2025-11-10T12:56:02.230381,10.0,-69.09918810637201,25
2025-11-10T12:56:02.230381,10.0,-60.880932889724086,26
2025-11-10T12:56:02.236994,10.0,-65.35649852138971,27
2025-11-10T12:56:02.240364,10.0,-71.30477062762135,28
2025-11-10T12:56:02.245639,10.0,-75.50551898700921,29
2025-11-10T12:56:02.250179,10.0,-66.33746580693696,30
2025-11-10T12:56:27.126245,10.0,-74.64553967410205,0
2025-11-10T12:56:27.137708,10.0,-73.85776852877994,1
2025-11-10T12:56:27.146510,10.0,-69.61513215478962,2
2025-11-10T12:56:27.154979,10.0,-61.38047235371171,3
2025-11-10T12:56:27.163335,10.0,-75.96112573333673,4
2025-11-10T12:56:27.171704,10.0,-67.26495125332238,5
2025-11-10T12:56:27.179736,10.0,-61.20616806242643,6
2025-11-10T12:56:27.186379,10.0,-68.38907337659778,7
2025-11-10T12:56:27.191596,10.0,-78.75628386366968,8
2025-11-10T12:56:27.202501,10.0,-76.26256276250788,9
2025-11-10T12:56:27.202501,10.0,-73.53242439169875,10
2025-11-10T12:56:27.213750,10.0,-66.41385448733311,11
2025-11-10T12:56:27.221565,10.0,-66.20557811336025,12
2025-11-10T12:56:27.226151,10.0,-79.5006901877733,13
2025-11-10T12:56:27.235081,10.0,-77.86540372129801,14
2025-11-10T12:56:27.235081,10.0,-65.58159447702252,15
2025-11-10T12:56:27.247269,10.0,-61.0798468441719,16
2025-11-10T12:56:27.251428,10.0,-76.00737850489685,17
2025-11-10T12:56:27.251428,10.0,-77.25166589680246,18
2025-11-10T12:56:27.269534,10.0,-70.881817324783,19
2025-11-10T12:56:27.272721,10.0,-69.8105324310536,20
2025-11-10T12:56:27.282581,10.0,-65.59643816910308,21
2025-11-10T12:56:27.282581,10.0,-74.23782975424099,22
2025-11-10T12:56:27.300041,10.0,-62.016108312942734,23
2025-11-10T12:56:27.301549,10.0,-60.59049283592235,24
2025-11-10T12:56:27.311563,10.0,-78.85575308232384,25
2025-11-10T12:56:27.313314,10.0,-69.64135891350183,26
2025-11-10T12:56:27.321500,10.0,-79.25779017899812,27
2025-11-10T12:56:27.343310,10.0,-66.02458490444675,28
2025-11-10T12:56:27.354422,10.0,-68.87003552793654,29
2025-11-10T12:56:27.363146,10.0,-78.11828120964181,30
2025-11-10T12:58:32.951077,10.0,-78.85380106806734,0
2025-11-10T12:58:32.962324,10.0,-79.06857644318177,1
2025-11-10T12:58:32.965967,10.0,-75.03109509530253,2
2025-11-10T12:58:32.967000,10.0,-70.20011993383773,3
2025-11-10T12:58:32.967000,10.0,-76.99834708447916,4
2025-11-10T12:58:32.978397,10.0,-77.44560127302057,5
2025-11-10T12:58:32.979585,10.0,-62.563779873590946,6
2025-11-10T12:58:32.982999,10.0,-71.1535346922426,7
2025-11-10T12:58:32.987404,10.0,-63.613501485460645,8
2025-11-10T12:58:32.995168,10.0,-64.032116291578,9
2025-11-10T12:58:32.997187,10.0,-63.75702878811129,10
2025-11-10T12:58:32.999507,10.0,-66.36854244076109,11
2025-11-10T12:58:32.999507,10.0,-69.13080453130895,12
2025-11-10T12:58:33.007204,10.0,-69.3672159100984,13
2025-11-10T12:58:33.010552,10.0,-60.23157373436763,14
2025-11-10T12:58:33.010552,10.0,-75.77158867327255,15
2025-11-10T12:58:33.017278,10.0,-73.23597618844575,16
2025-11-10T12:58:33.026289,10.0,-67.1162371135946,17
2025-11-10T12:58:33.027309,10.0,-67.45886469638708,18
2025-11-10T12:58:33.032029,10.0,-64.39227801093989,19
2025-11-10T12:58:33.037228,10.0,-76.0679090757705,20
2025-11-10T12:58:33.042837,10.0,-79.76635683283448,21
2025-11-10T12:58:33.047391,10.0,-64.21083797614716,22
2025-11-10T12:58:33.047391,10.0,-77.07883801017381,23
2025-11-10T12:58:33.060022,10.0,-74.17522426982983,24
2025-11-10T12:58:33.060022,10.0,-70.86981204617817,25
2025-11-10T12:58:33.067057,10.0,-78.60336529260903,26
2025-11-10T12:58:33.067057,10.0,-64.13937574849193,27
2025-11-10T12:58:33.073145,10.0,-74.64568245602173,28
2025-11-10T12:58:33.077158,10.0,-70.39854265132986,29
2025-11-10T12:58:33.077158,10.0,-74.06581164330797,30
2025-11-10T13:06:01.977865,10.0,-69.02583037572364,0
2025-11-10T13:06:01.996266,10.0,-76.10061740985229,1
2025-11-10T13:06:02.007387,10.0,-79.01280107893291,2
2025-11-10T13:06:02.022469,10.0,-76.38104467796681,3
2025-11-10T13:06:02.045836,10.0,-73.34909431996932,4
2025-11-10T13:06:02.057305,10.0,-62.772686770174175,5
2025-11-10T13:06:02.111949,10.0,-69.23709759761535,6
2025-11-10T13:06:02.131558,10.0,-69.67677427807861,7
2025-11-10T13:06:02.148093,10.0,-64.09622037941226,8
2025-11-10T13:06:02.169400,10.0,-76.77826067945045,9
2025-11-10T13:06:02.180398,10.0,-75.77828552700547,10
2025-11-10T13:06:02.207628,10.0,-78.44256340951961,11
2025-11-10T13:06:02.217531,10.0,-71.19599686692231,12
2025-11-10T13:06:02.242507,10.0,-77.66996556317184,13
2025-11-10T13:06:02.257516,10.0,-77.69584367543375,14
2025-11-10T13:06:02.279400,10.0,-76.4148962778682,15
2025-11-10T13:06:02.301956,10.0,-66.84458741972483,16
2025-11-10T13:06:02.322400,10.0,-70.53977714021431,17
2025-11-10T13:06:02.342454,10.0,-67.65059109549831,18
2025-11-10T13:06:02.367297,10.0,-67.03814732732123,19
2025-11-10T13:06:02.379637,10.0,-74.41524284018182,20
2025-11-10T13:06:02.427590,10.0,-74.53291779734568,21
2025-11-10T13:06:02.452517,10.0,-77.74339906287678,22
2025-11-10T13:06:02.486600,10.0,-70.39979143115629,23
2025-11-10T13:06:02.511232,10.0,-65.52893577377716,24
2025-11-10T13:06:02.537525,10.0,-65.2651524151278,25
2025-11-10T13:06:02.562621,10.0,-67.62042548133903,26
2025-11-10T13:06:02.587579,10.0,-61.68448125875024,27
2025-11-10T13:06:02.622510,10.0,-66.27321635449422,28
2025-11-10T13:06:02.653439,10.0,-69.48110954612567,29
2025-11-10T13:06:02.677447,10.0,-62.22920685579145,30
2025-11-10T13:07:22.931156,10.0,-68.66267674747321,0
2025-11-10T13:07:22.946165,10.0,-65.16507453363504,1
2025-11-10T13:07:22.957399,10.0,-61.8835797951026,2
2025-11-10T13:07:22.964529,10.0,-69.93111408909765,3
2025-11-10T13:07:22.975953,10.0,-64.52844925919756,4
2025-11-10T13:07:22.984125,10.0,-78.18308987231417,5
2025-11-10T13:07:22.991206,10.0,-78.7177154780734,6
2025-11-10T13:07:23.006483,10.0,-61.42499986921574,7
2025-11-10T13:07:23.011037,10.0,-64.25139580798549,8
2025-11-10T13:07:23.021204,10.0,-65.38085769935152,9
2025-11-10T13:07:23.031312,10.0,-64.55652819058317,10
2025-11-10T13:07:23.041041,10.0,-65.22622805078034,11
2025-11-10T13:07:23.051256,10.0,-71.35775588064995,12
2025-11-10T13:07:23.056315,10.0,-74.67811847189321,13
2025-11-10T13:07:23.064802,10.0,-72.33374805257058,14
2025-11-10T13:07:23.079887,10.0,-79.80669082329761,15
2025-11-10T13:07:23.086184,10.0,-67.95103896856739,16
2025-11-10T13:07:23.094797,10.0,-60.043201634519114,17
2025-11-10T13:07:23.106552,10.0,-77.25751163374683,18
2025-11-10T13:07:23.114848,10.0,-79.58479424888445,19
2025-11-10T13:07:23.127022,10.0,-71.05852856242504,20
2025-11-10T13:07:23.131127,10.0,-64.875084390096,21
2025-11-10T13:07:23.143013,10.0,-64.03335317694166,22
2025-11-10T13:07:23.151110,10.0,-67.32588578685761,23
2025-11-10T13:07:23.161345,10.0,-73.27665803777633,24
2025-11-10T13:07:23.171163,10.0,-67.19399129162528,25
2025-11-10T13:07:23.181316,10.0,-71.95894570568201,26
2025-11-10T13:07:23.190994,10.0,-60.16858112454962,27
2025-11-10T13:07:23.201184,10.0,-77.09077562644478,28
2025-11-10T13:07:23.211278,10.0,-64.13792744917573,29
2025-11-10T13:07:23.216382,10.0,-79.55895388940888,30
2025-11-10T13:08:06.282922,10.0,-67.12482734066108,0
2025-11-10T13:08:06.293110,10.0,-69.88984449492995,1
2025-11-10T13:08:06.303272,10.0,-70.34272256427244,2
2025-11-10T13:08:06.312911,10.0,-71.04525907091617,3
2025-11-10T13:08:06.319803,10.0,-77.2524667058126,4
2025-11-10T13:08:06.327932,10.0,-68.2898450481982,5
2025-11-10T13:08:06.334781,10.0,-63.816243077701344,6
2025-11-10T13:08:06.335801,10.0,-70.26328915738455,7
2025-11-10T13:08:06.345756,10.0,-60.46073133437884,8
2025-11-10T13:08:06.354642,10.0,-79.88689044003495,9
2025-11-10T13:08:06.363293,10.0,-60.06194701471494,10
2025-11-10T13:08:06.370162,10.0,-70.22953236206985,11
2025-11-10T13:08:06.378281,10.0,-60.97989962393127,12
2025-11-10T13:08:06.383310,10.0,-79.8959386764391,13
2025-11-10T13:08:06.393001,10.0,-73.25902070422948,14
2025-11-10T13:08:06.399089,10.0,-69.32541458352392,15
2025-11-10T13:08:06.407698,10.0,-66.47251100241071,16
2025-11-10T13:08:06.415595,10.0,-76.01205767929682,17
2025-11-10T13:08:06.415595,10.0,-79.70586037927316,18
2025-11-10T13:08:06.428248,10.0,-68.23596800484478,19
2025-11-10T13:08:06.435865,10.0,-74.91420648255885,20
2025-11-10T13:08:06.443066,10.0,-66.32541111401247,21
2025-11-10T13:08:06.446629,10.0,-65.96483177835603,22
2025-11-10T13:08:06.458297,10.0,-69.06713010044336,23
2025-11-10T13:08:06.462865,10.0,-66.16144751509026,24
2025-11-10T13:08:06.467931,10.0,-64.30165513658613,25
2025-11-10T13:08:06.481141,10.0,-75.34229271179235,26
2025-11-10T13:08:06.487929,10.0,-63.999023120107616,27
2025-11-10T13:08:06.494006,10.0,-74.07253996826208,28
2025-11-10T13:08:06.498078,10.0,-65.95225034206287,29
2025-11-10T13:08:06.510281,10.0,-75.80955542949856,30
2025-11-10T13:08:58.070181,10.0,-65.44093645160666,0
2025-11-10T13:08:58.080784,10.0,-79.1432588161453,1
2025-11-10T13:08:58.085411,10.0,-67.470094521064,2
2025-11-10T13:08:58.085411,10.0,-66.63138808126631,3
2025-11-10T13:08:58.101598,10.0,-79.70071001319356,4
2025-11-10T13:08:58.105637,10.0,-65.60400422128032,5
2025-11-10T13:08:58.109187,10.0,-67.66594846224714,6
2025-11-10T13:08:58.110709,10.0,-60.10398095682852,7
2025-11-10T13:08:58.115263,10.0,-71.26995305877358,8
2025-11-10T13:08:58.115263,10.0,-65.02682679773211,9
2025-11-10T13:08:58.115263,10.0,-71.3930523864305,10
2025-11-10T13:08:58.126237,10.0,-76.9280498402185,11
2025-11-10T13:08:58.130286,10.0,-63.84226213320338,12
2025-11-10T13:08:58.135313,10.0,-73.3726211883863,13
2025-11-10T13:08:58.135313,10.0,-66.3602837536111,14
2025-11-10T13:08:58.141389,10.0,-63.03986615213133,15
2025-11-10T13:08:58.141389,10.0,-74.52707923275243,16
2025-11-10T13:08:58.145453,10.0,-72.8606060028232,17
2025-11-10T13:08:58.150543,10.0,-60.19130548539905,18
2025-11-10T13:08:58.150543,10.0,-63.760402411202634,19
2025-11-10T13:08:58.157351,10.0,-69.0038450104014,20
2025-11-10T13:08:58.159936,10.0,-60.19553269522719,21
2025-11-10T13:08:58.165483,10.0,-71.87887808685903,22
2025-11-10T13:08:58.165483,10.0,-62.58062396262565,23
2025-11-10T13:08:58.171702,10.0,-71.71983277345379,24
2025-11-10T13:08:58.175587,10.0,-73.98493978655068,25
2025-11-10T13:08:58.180044,10.0,-62.46096959329819,26
2025-11-10T13:08:58.182738,10.0,-72.59423060208101,27
2025-11-10T13:08:58.186348,10.0,-66.9888079473293,28
2025-11-10T13:08:58.191255,10.0,-68.13992352112511,29
2025-11-10T13:08:58.195738,10.0,-70.77738285447188,30
2025-11-10T13:14:07.373944,10.0,-73.29965473850943,0
2025-11-10T13:14:07.381797,10.0,-73.71741085620265,1
2025-11-10T13:14:07.385059,10.0,-72.95282466256944,2
2025-11-10T13:14:07.390925,10.0,-66.52516197681878,3
2025-11-10T13:14:07.390925,10.0,-71.01186105124833,4
2025-11-10T13:14:07.397181,10.0,-72.23202484264284,5
2025-11-10T13:14:07.397181,10.0,-75.47150211381539,6
2025-11-10T13:14:07.397181,10.0,-72.74351975246795,7
2025-11-10T13:14:07.407262,10.0,-66.68781683185918,8
2025-11-10T13:14:07.407262,10.0,-79.21347469777442,9
2025-11-10T13:14:07.407262,10.0,-65.76029116200641,10
2025-11-10T13:14:07.407262,10.0,-76.12480450208902,11
2025-11-10T13:14:07.417398,10.0,-70.55779112213554,12
2025-11-10T13:14:07.421703,10.0,-78.89456092765138,13
2025-11-10T13:14:07.427120,10.0,-64.68539883694984,14
2025-11-10T13:14:07.427120,10.0,-68.32650177109835,15
2025-11-10T13:14:07.427120,10.0,-74.072349787707,16
2025-11-10T13:14:07.436228,10.0,-64.85468493779398,17
2025-11-10T13:14:07.439545,10.0,-72.01928226037404,18
2025-11-10T13:14:07.439545,10.0,-77.97047918820094,19
2025-11-10T13:14:07.447086,10.0,-72.8316526186591,20
2025-11-10T13:14:07.447086,10.0,-77.52078021261187,21
2025-11-10T13:14:07.455068,10.0,-70.15996967284393,22
2025-11-10T13:14:07.457573,10.0,-73.17747517292534,23
2025-11-10T13:14:07.457573,10.0,-72.65624785935032,24
2025-11-10T13:14:07.457573,10.0,-79.10282739173377,25
2025-11-10T13:14:07.467365,10.0,-65.99912499099997,26
2025-11-10T13:14:07.474661,10.0,-71.66403295872216,27
2025-11-10T13:14:07.477254,10.0,-63.86163756616556,28
2025-11-10T13:14:07.477254,10.0,-68.35814294631993,29
2025-11-10T13:14:07.484113,10.0,-73.45414728967631,30
2025-11-10T13:14:11.580484,10.0,-68.07650464343087,0
2025-11-10T13:14:11.592331,10.0,-69.56586755894007,1
2025-11-10T13:14:11.598821,10.0,-69.69649548795147,2
2025-11-10T13:14:11.601959,10.0,-66.34157464076387,3
2025-11-10T13:14:11.607283,10.0,-71.1695430202235,4
2025-11-10T13:14:11.610805,10.0,-74.51473908535901,5
2025-11-10T13:14:11.613933,10.0,-63.48999130274865,6
2025-11-10T13:14:11.617661,10.0,-69.68596357704877,7
2025-11-10T13:14:11.623517,10.0,-73.13499122885122,8
2025-11-10T13:14:11.625727,10.0,-73.47983659529493,9
2025-11-10T13:14:11.628943,10.0,-60.616459402043354,10
2025-11-10T13:14:11.633410,10.0,-75.68680517656175,11
2025-11-10T13:14:11.636421,10.0,-62.76424934907392,12
2025-11-10T13:14:11.642470,10.0,-66.0398905798888,13
2025-11-10T13:14:11.644699,10.0,-74.40810156931889,14
2025-11-10T13:14:11.648696,10.0,-77.78952795420771,15
2025-11-10T13:14:11.658535,10.0,-74.19733799064977,16
2025-11-10T13:14:11.662930,10.0,-60.273217311221664,17
2025-11-10T13:14:11.668565,10.0,-74.09556590382526,18
2025-11-10T13:14:11.676171,10.0,-71.46613131492585,19
2025-11-10T13:14:11.680139,10.0,-76.82649329848803,20
2025-11-10T13:14:11.687357,10.0,-69.7400173644473,21
2025-11-10T13:14:11.691093,10.0,-61.1170266122045,22
2025-11-10T13:14:11.696023,10.0,-67.22126951122888,23
2025-11-10T13:14:11.697528,10.0,-66.20656403980264,24
2025-11-10T13:14:11.701957,10.0,-63.340881388869576,25
2025-11-10T13:14:11.707593,10.0,-71.77346811173126,26
2025-11-10T13:14:11.709320,10.0,-66.48589726221782,27
2025-11-10T13:14:11.714011,10.0,-74.19490681425022,28
2025-11-10T13:14:11.717307,10.0,-63.590012517221034,29
2025-11-10T13:14:11.723074,10.0,-75.87794665207838,30
2025-11-10T13:14:14.778319,10.0,-64.67444585354369,0
2025-11-10T13:14:14.784335,10.0,-64.1003504707799,1
2025-11-10T13:14:14.790373,10.0,-79.15168097997501,2
2025-11-10T13:14:14.793861,10.0,-71.21437828424925,3
2025-11-10T13:14:14.797401,10.0,-79.63578788698676,4
2025-11-10T13:14:14.801510,10.0,-70.62030005391067,5
2025-11-10T13:14:14.807693,10.0,-79.05835709189543,6
2025-11-10T13:14:14.811665,10.0,-66.98743629307859,7
2025-11-10T13:14:14.814377,10.0,-69.17237913577866,8
2025-11-10T13:14:14.818696,10.0,-71.07735036521281,9
2025-11-10T13:14:14.822179,10.0,-74.62166348642664,10
2025-11-10T13:14:14.825931,10.0,-67.59722303092886,11
2025-11-10T13:14:14.829433,10.0,-70.94685674945323,12
2025-11-10T13:14:14.831673,10.0,-68.69467091906502,13
2025-11-10T13:14:14.836245,10.0,-79.35404994779536,14
2025-11-10T13:14:14.841940,10.0,-78.61459838383814,15
2025-11-10T13:14:14.844915,10.0,-61.32914997097837,16
2025-11-10T13:14:14.847846,10.0,-66.49930916999934,17
2025-11-10T13:14:14.850368,10.0,-76.48649503648798,18
2025-11-10T13:14:14.856142,10.0,-60.031990394111936,19
2025-11-10T13:14:14.858427,10.0,-75.80030606517641,20
2025-11-10T13:14:14.862734,10.0,-72.14999344061707,21
2025-11-10T13:14:14.864741,10.0,-73.91550495249172,22
2025-11-10T13:14:14.867889,10.0,-60.75193172874582,23
2025-11-10T13:14:14.871807,10.0,-70.05454371112674,24
2025-11-10T13:14:14.879681,10.0,-74.59278463315486,25
2025-11-10T13:14:14.881406,10.0,-71.86681087713565,26
2025-11-10T13:14:14.887609,10.0,-62.705149079489495,27
2025-11-10T13:14:14.893470,10.0,-68.97199513109098,28
2025-11-10T13:14:14.893470,10.0,-79.28635050296242,29
2025-11-10T13:14:14.897573,10.0,-69.37857794579385,30
2025-11-10T13:14:17.957786,10.0,-68.71529813235409,0
2025-11-10T13:14:17.963613,10.0,-63.29356312032461,1
2025-11-10T13:14:17.967628,10.0,-60.58943809527591,2
2025-11-10T13:14:17.972895,10.0,-75.79093647040366,3
2025-11-10T13:14:17.972895,10.0,-67.13953310906108,4
2025-11-10T13:14:17.977827,10.0,-65.01364001509339,5
2025-11-10T13:14:17.977827,10.0,-62.95849961458459,6
2025-11-10T13:14:17.985373,10.0,-67.33357007536273,7
2025-11-10T13:14:17.987657,10.0,-64.01057281680653,8
2025-11-10T13:14:17.987657,10.0,-70.35317110492907,9
2025-11-10T13:14:17.987657,10.0,-66.29802165221469,10
2025-11-10T13:14:17.997822,10.0,-79.32307399020807,11
2025-11-10T13:14:18.003387,10.0,-71.54199884710005,12
2025-11-10T13:14:18.007616,10.0,-79.35261825674955,13
2025-11-10T13:14:18.007616,10.0,-75.53149848265028,14
2025-11-10T13:14:18.007616,10.0,-76.6910526996805,15
2025-11-10T13:14:18.007616,10.0,-61.0345940453719,16
2025-11-10T13:14:18.017762,10.0,-74.549608903524,17
2025-11-10T13:14:18.022881,10.0,-77.91952428072186,18
2025-11-10T13:14:18.022881,10.0,-61.341612572537535,19
2025-11-10T13:14:18.027746,10.0,-68.72670817326137,20
2025-11-10T13:14:18.033040,10.0,-79.28388649074573,21
2025-11-10T13:14:18.034552,10.0,-67.96708836292618,22
2025-11-10T13:14:18.037839,10.0,-65.65894685485316,23
2025-11-10T13:14:18.037839,10.0,-65.24000915876377,24
2025-11-10T13:14:18.037839,10.0,-62.31011366349094,25
2025-11-10T13:14:18.049962,10.0,-72.59113937605466,26
2025-11-10T13:14:18.055880,10.0,-69.86532305834699,27
2025-11-10T13:14:18.057884,10.0,-63.926794277495006,28
2025-11-10T13:14:18.057884,10.0,-69.07080968210636,29
2025-11-10T13:14:18.063678,10.0,-63.22442934034391,30
2025-11-10T13:14:22.660319,10.0,-65.44881722550991,0
2025-11-10T13:14:22.667740,10.0,-72.45577434483397,1
2025-11-10T13:14:22.677940,10.0,-62.470284587796556,2
2025-11-10T13:14:22.679759,10.0,-66.7746359197362,3
2025-11-10T13:14:22.679759,10.0,-70.27498775790131,4
2025-11-10T13:14:22.688917,10.0,-73.91905272804615,5
2025-11-10T13:14:22.688917,10.0,-60.88923523853712,6
2025-11-10T13:14:22.698045,10.0,-75.22600523383004,7
2025-11-10T13:14:22.698045,10.0,-64.13678208716311,8
2025-11-10T13:14:22.704562,10.0,-78.5093961916959,9
2025-11-10T13:14:22.707941,10.0,-78.18445518639759,10
2025-11-10T13:14:22.707941,10.0,-72.696305720009,11
2025-11-10T13:14:22.707941,10.0,-72.74760552671744,12
2025-11-10T13:14:22.717819,10.0,-63.80165703347347,13
2025-11-10T13:14:22.722357,10.0,-65.13654374075537,14
2025-11-10T13:14:22.727559,10.0,-77.20880893990571,15
2025-11-10T13:14:22.727559,10.0,-72.27350174981058,16
2025-11-10T13:14:22.727559,10.0,-73.9997417157031,17
2025-11-10T13:14:22.737663,10.0,-69.08672265681264,18
2025-11-10T13:14:22.737663,10.0,-60.77537087611775,19
2025-11-10T13:14:22.743163,10.0,-75.73720038284554,20
2025-11-10T13:14:22.743163,10.0,-70.69347254944716,21
2025-11-10T13:14:22.747797,10.0,-79.29091156147162,22
2025-11-10T13:14:22.752128,10.0,-64.82314720714561,23
2025-11-10T13:14:22.757904,10.0,-78.29869763167113,24
2025-11-10T13:14:22.757904,10.0,-65.0217287372608,25
2025-11-10T13:14:22.757904,10.0,-78.98510516303786,26
2025-11-10T13:14:22.757904,10.0,-63.22996668221084,27
2025-11-10T13:14:22.767747,10.0,-74.53915933905101,28
2025-11-10T13:14:22.772097,10.0,-66.55629978107602,29
2025-11-10T13:14:22.772097,10.0,-76.82880107500272,30
2025-11-10T13:14:31.310497,10.0,-61.691464498901254,0
2025-11-10T13:14:31.326605,10.0,-70.30120957767795,1
2025-11-10T13:14:31.330547,10.0,-77.96947728395767,2
2025-11-10T13:14:31.330547,10.0,-62.68783492939933,3
2025-11-10T13:14:31.340994,10.0,-73.31039774752851,4
2025-11-10T13:14:31.340994,10.0,-62.27004928529226,5
2025-11-10T13:14:31.348164,10.0,-62.99083640283314,6
2025-11-10T13:14:31.348164,10.0,-77.57326947420873,7
2025-11-10T13:14:31.348164,10.0,-67.61147772039362,8
2025-11-10T13:14:31.360195,10.0,-65.84257863508884,9
2025-11-10T13:14:31.362202,10.0,-62.330100130422544,10
2025-11-10T13:14:31.362202,10.0,-74.0793908650916,11
2025-11-10T13:14:31.370301,10.0,-79.63612182598425,12
2025-11-10T13:14:31.372307,10.0,-78.22856472474987,13
2025-11-10T13:14:31.372307,10.0,-63.18230383005963,14
2025-11-10T13:14:31.378078,10.0,-63.713694780974194,15
2025-11-10T13:14:31.378078,10.0,-63.78380883087391,16
2025-11-10T13:14:31.386213,10.0,-78.79070384778045,17
2025-11-10T13:14:31.388090,10.0,-73.49523327226457,18
2025-11-10T13:14:31.388090,10.0,-77.6996082362615,19
2025-11-10T13:14:31.388090,10.0,-66.79319141373813,20
2025-11-10T13:14:31.398228,10.0,-73.8256986104348,21
2025-11-10T13:14:31.404081,10.0,-65.74222316702883,22
2025-11-10T13:14:31.408100,10.0,-60.69958199331644,23
2025-11-10T13:14:31.408100,10.0,-77.21999034739727,24
2025-11-10T13:14:31.408100,10.0,-67.23766470471105,25
2025-11-10T13:14:31.418959,10.0,-74.52483546168253,26
2025-11-10T13:14:31.422901,10.0,-75.40994049299192,27
2025-11-10T13:14:31.425768,10.0,-64.34703750467305,28
2025-11-10T13:14:31.428274,10.0,-72.74828223147227,29
2025-11-10T13:14:31.428274,10.0,-74.38199677139787,30
2025-11-10T13:17:46.278888,10.0,-67.42420617686825,0
2025-11-10T13:17:46.294483,10.0,-64.83813476141901,1
2025-11-10T13:17:46.306400,10.0,-72.94232691572296,2
2025-11-10T13:17:46.314230,10.0,-78.74872258720092,3
2025-11-10T13:17:46.321738,10.0,-71.23093356627601,4
2025-11-10T13:17:46.329156,10.0,-65.49986696958092,5
2025-11-10T13:17:46.334408,10.0,-61.107318889954506,6
2025-11-10T13:17:46.349176,10.0,-65.70807388962251,7
2025-11-10T13:17:46.364612,10.0,-68.81395648119957,8
2025-11-10T13:17:46.380295,10.0,-78.56538253475486,9
2025-11-10T13:17:46.387154,10.0,-61.0117261706354,10
2025-11-10T13:17:46.396444,10.0,-78.78512254650018,11
2025-11-10T13:17:46.409485,10.0,-76.84459739634323,12
